week,mode,carrier_name,carrier_id,order_id,loaded_miles,deadhead_miles,deadhead_pct,truck_cost,working_days,feasible
2026-01-17,dedicated,Coastline Cargo Co.,8,5317115,1932.4,300.0,13.4,5120.86,5,True
2026-01-17,dedicated,Coastline Cargo Co.,8,5317233,1932.4,300.0,13.4,5120.86,5,True
2026-01-17,dedicated,HighPlains Logistics,9,5316935,1751.8,436.8,20.0,4642.27,5,True
2026-01-17,dedicated,HighPlains Logistics,9,5316986,1751.8,436.8,20.0,4642.27,5,True
2026-01-17,dedicated,Nightwind Transport,10,5317029,1785.4,424.7,19.2,5608.76,5,True
2026-01-17,dedicated,Nightwind Transport,10,5317249,1785.4,424.7,19.2,5608.76,5,True
2026-01-17,dedicated,CopperCanyon Carriers,14,5317237,1643.6,436.6,21.0,4694.84,5,True
2026-01-17,dedicated,CopperCanyon Carriers,14,5317135,1643.6,436.6,21.0,4694.84,5,True
2026-01-17,dedicated,CopperCanyon Carriers,14,5316965,1643.6,436.6,21.0,4694.84,5,True
2026-01-17,dedicated,EastGate Express,15,5317103,1888.1,220.8,10.5,5003.47,5,True
2026-01-17,dedicated,EastGate Express,15,5317198,1888.1,220.8,10.5,5003.47,5,True
2026-01-17,dedicated,TrueNorth Haulage,16,5317210,1735.4,477.8,21.6,5056.73,5,True
2026-01-17,dedicated,TrueNorth Haulage,16,5316887,1735.4,477.8,21.6,5056.73,5,True
2026-01-17,dedicated,TrueNorth Haulage,16,5317092,1735.4,477.8,21.6,5056.73,5,True
2026-01-17,tender,open_market,-1,5316911,,,,1242.62,,True
2026-01-17,tender,open_market,-1,5316917,,,,1012.99,,True
2026-01-17,tender,open_market,-1,5316964,,,,400.0,,True
2026-01-17,tender,open_market,-1,5316979,,,,1149.52,,True
2026-01-17,tender,open_market,-1,5316980,,,,3274.48,,True
2026-01-17,tender,open_market,-1,5316992,,,,400.0,,True
2026-01-17,tender,open_market,-1,5316997,,,,1135.88,,True
2026-01-17,tender,open_market,-1,5317000,,,,1034.66,,True
2026-01-17,tender,open_market,-1,5317009,,,,1539.34,,True
2026-01-17,tender,open_market,-1,5317014,,,,694.19,,True
2026-01-17,tender,open_market,-1,5317018,,,,940.42,,True
2026-01-17,tender,open_market,-1,5317035,,,,3271.84,,True
2026-01-17,tender,open_market,-1,5317036,,,,400.0,,True
2026-01-17,tender,open_market,-1,5317056,,,,400.0,,True
2026-01-17,tender,open_market,-1,5317083,,,,2190.24,,True
2026-01-17,tender,open_market,-1,5317087,,,,916.26,,True
2026-01-17,tender,open_market,-1,5317100,,,,2189.43,,True
2026-01-17,tender,open_market,-1,5317109,,,,1894.28,,True
2026-01-17,tender,open_market,-1,5317119,,,,967.86,,True
2026-01-17,tender,open_market,-1,5317120,,,,844.54,,True
2026-01-17,tender,open_market,-1,5317128,,,,916.26,,True
2026-01-17,tender,open_market,-1,5317142,,,,2259.19,,True
2026-01-17,tender,open_market,-1,5317151,,,,1143.06,,True
2026-01-17,tender,open_market,-1,5317166,,,,735.95,,True
2026-01-17,tender,open_market,-1,5317170,,,,1204.99,,True
2026-01-17,tender,open_market,-1,5317175,,,,917.14,,True
2026-01-17,tender,open_market,-1,5317219,,,,1143.06,,True
2026-01-17,tender,open_market,-1,5317227,,,,735.95,,True
2026-01-17,tender,open_market,-1,5317243,,,,400.0,,True
2026-01-17,tender,open_market,-1,5317259,,,,844.54,,True
2026-01-17,tender,open_market,-1,5317269,,,,1012.99,,True
2026-01-17,tender,open_market,-1,5317292,,,,1012.99,,True
2026-01-17,tender,open_market,-1,5317817,,,,3271.84,,True
2026-01-17,tender,open_market,-1,5317824,,,,1145.63,,True
2026-01-17,tender,open_market,-1,5317830,,,,1242.62,,True
2026-01-17,tender,open_market,-1,5317833,,,,1413.94,,True
2026-01-17,tender,open_market,-1,5317845,,,,1366.53,,True
2026-01-17,tender,open_market,-1,5317847,,,,1143.06,,True
2026-01-17,tender,open_market,-1,5316924,,,,802.18,,True
2026-01-17,tender,open_market,-1,5316972,,,,944.02,,True
2026-01-17,tender,open_market,-1,5317061,,,,1009.43,,True
2026-01-17,tender,open_market,-1,5317144,,,,888.31,,True
2026-01-17,tender,open_market,-1,5317185,,,,711.96,,True
2026-01-17,tender,open_market,-1,5317186,,,,800.58,,True
2026-01-17,tender,open_market,-1,5317285,,,,801.79,,True
2026-01-17,tender,open_market,-1,5317291,,,,944.02,,True
2026-01-17,tender,open_market,-1,5316893,,,,3288.58,,True
2026-01-17,tender,open_market,-1,5316971,,,,642.71,,True
2026-01-17,tender,open_market,-1,5316983,,,,642.71,,True
2026-01-17,tender,open_market,-1,5317021,,,,3021.31,,True
2026-01-17,tender,open_market,-1,5317045,,,,867.07,,True
2026-01-17,tender,open_market,-1,5317057,,,,748.44,,True
2026-01-17,tender,open_market,-1,5317077,,,,1198.65,,True
2026-01-17,tender,open_market,-1,5317132,,,,1081.31,,True
2026-01-17,tender,open_market,-1,5317147,,,,3150.34,,True
2026-01-17,tender,open_market,-1,5317156,,,,400.0,,True
2026-01-17,tender,open_market,-1,5317218,,,,1081.31,,True
2026-01-17,tender,open_market,-1,5317245,,,,1488.41,,True
2026-01-17,tender,open_market,-1,5317263,,,,1081.31,,True
2026-01-17,tender,open_market,-1,5317288,,,,3109.89,,True
2026-01-17,tender,open_market,-1,5317297,,,,3338.24,,True
2026-01-17,tender,open_market,-1,5317826,,,,642.71,,True
2026-01-17,tender,open_market,-1,5316885,,,,431.64,,True
2026-01-17,tender,open_market,-1,5316888,,,,431.64,,True
2026-01-17,tender,open_market,-1,5316898,,,,431.64,,True
2026-01-17,tender,open_market,-1,5316905,,,,980.5,,True
2026-01-17,tender,open_market,-1,5316939,,,,1967.69,,True
2026-01-17,tender,open_market,-1,5316940,,,,951.98,,True
2026-01-17,tender,open_market,-1,5316941,,,,613.17,,True
2026-01-17,tender,open_market,-1,5316955,,,,1090.96,,True
2026-01-17,tender,open_market,-1,5316970,,,,1031.98,,True
2026-01-17,tender,open_market,-1,5316973,,,,980.5,,True
2026-01-17,tender,open_market,-1,5316995,,,,1272.57,,True
2026-01-17,tender,open_market,-1,5317022,,,,1500.61,,True
2026-01-17,tender,open_market,-1,5317023,,,,2191.18,,True
2026-01-17,tender,open_market,-1,5317024,,,,1397.61,,True
2026-01-17,tender,open_market,-1,5317028,,,,431.64,,True
2026-01-17,tender,open_market,-1,5317032,,,,1473.29,,True
2026-01-17,tender,open_market,-1,5317044,,,,1037.12,,True
2026-01-17,tender,open_market,-1,5317063,,,,1248.49,,True
2026-01-17,tender,open_market,-1,5317075,,,,2011.15,,True
2026-01-17,tender,open_market,-1,5317102,,,,772.99,,True
2026-01-17,tender,open_market,-1,5317108,,,,966.43,,True
2026-01-17,tender,open_market,-1,5317116,,,,1549.9,,True
2026-01-17,tender,open_market,-1,5317140,,,,1500.61,,True
2026-01-17,tender,open_market,-1,5317143,,,,431.64,,True
2026-01-17,tender,open_market,-1,5317160,,,,938.07,,True
2026-01-17,tender,open_market,-1,5317174,,,,1246.91,,True
2026-01-17,tender,open_market,-1,5317199,,,,1079.5,,True
2026-01-17,tender,open_market,-1,5317225,,,,1246.91,,True
2026-01-17,tender,open_market,-1,5317256,,,,1500.61,,True
2026-01-17,tender,open_market,-1,5317261,,,,1549.9,,True
2026-01-17,tender,open_market,-1,5317267,,,,1248.49,,True
2026-01-17,tender,open_market,-1,5317276,,,,970.37,,True
2026-01-17,tender,open_market,-1,5317280,,,,1272.57,,True
2026-01-17,tender,open_market,-1,5317818,,,,431.64,,True
2026-01-17,tender,open_market,-1,5317844,,,,1246.91,,True
2026-01-17,tender,open_market,-1,5316899,,,,2010.58,,True
2026-01-17,tender,open_market,-1,5316923,,,,1727.53,,True
2026-01-17,tender,open_market,-1,5317053,,,,1084.09,,True
2026-01-17,tender,open_market,-1,5317172,,,,4181.14,,True
2026-01-17,tender,open_market,-1,5317270,,,,847.49,,True
2026-01-17,tender,open_market,-1,5316902,,,,1784.24,,True
2026-01-17,tender,open_market,-1,5316928,,,,1537.54,,True
2026-01-17,tender,open_market,-1,5316932,,,,2067.31,,True
2026-01-17,tender,open_market,-1,5316938,,,,966.14,,True
2026-01-17,tender,open_market,-1,5316943,,,,3584.68,,True
2026-01-17,tender,open_market,-1,5316947,,,,421.74,,True
2026-01-17,tender,open_market,-1,5316956,,,,1774.3,,True
2026-01-17,tender,open_market,-1,5317104,,,,1230.34,,True
2026-01-17,tender,open_market,-1,5317141,,,,1484.11,,True
2026-01-17,tender,open_market,-1,5317153,,,,869.56,,True
2026-01-17,tender,open_market,-1,5317169,,,,869.56,,True
2026-01-17,tender,open_market,-1,5317193,,,,1503.74,,True
2026-01-17,tender,open_market,-1,5317204,,,,400.0,,True
2026-01-17,tender,open_market,-1,5317212,,,,1254.53,,True
2026-01-17,tender,open_market,-1,5317214,,,,739.54,,True
2026-01-17,tender,open_market,-1,5317232,,,,877.11,,True
2026-01-17,tender,open_market,-1,5317253,,,,1484.11,,True
2026-01-17,tender,open_market,-1,5317281,,,,642.71,,True
2026-01-17,tender,open_market,-1,5317829,,,,1333.22,,True
2026-01-17,tender,open_market,-1,5317835,,,,2093.83,,True
2026-01-17,tender,open_market,-1,5316890,,,,497.59,,True
2026-01-17,tender,open_market,-1,5316897,,,,1079.06,,True
2026-01-17,tender,open_market,-1,5316918,,,,1166.65,,True
2026-01-17,tender,open_market,-1,5316929,,,,1460.68,,True
2026-01-17,tender,open_market,-1,5316930,,,,602.09,,True
2026-01-17,tender,open_market,-1,5316934,,,,1528.3,,True
2026-01-17,tender,open_market,-1,5316969,,,,761.53,,True
2026-01-17,tender,open_market,-1,5316981,,,,1141.66,,True
2026-01-17,tender,open_market,-1,5316988,,,,1498.77,,True
2026-01-17,tender,open_market,-1,5317003,,,,1592.21,,True
2026-01-17,tender,open_market,-1,5317005,,,,497.59,,True
2026-01-17,tender,open_market,-1,5317015,,,,497.59,,True
2026-01-17,tender,open_market,-1,5317016,,,,1350.56,,True
2026-01-17,tender,open_market,-1,5317017,,,,1350.56,,True
2026-01-17,tender,open_market,-1,5317025,,,,996.91,,True
2026-01-17,tender,open_market,-1,5317052,,,,497.59,,True
2026-01-17,tender,open_market,-1,5317054,,,,1716.5,,True
2026-01-17,tender,open_market,-1,5317059,,,,723.24,,True
2026-01-17,tender,open_market,-1,5317062,,,,723.24,,True
2026-01-17,tender,open_market,-1,5317065,,,,460.24,,True
2026-01-17,tender,open_market,-1,5317070,,,,822.25,,True
2026-01-17,tender,open_market,-1,5317093,,,,497.59,,True
2026-01-17,tender,open_market,-1,5317118,,,,1592.21,,True
2026-01-17,tender,open_market,-1,5317121,,,,854.29,,True
2026-01-17,tender,open_market,-1,5317130,,,,2235.53,,True
2026-01-17,tender,open_market,-1,5317138,,,,1114.69,,True
2026-01-17,tender,open_market,-1,5317165,,,,1078.06,,True
2026-01-17,tender,open_market,-1,5317178,,,,1433.38,,True
2026-01-17,tender,open_market,-1,5317179,,,,1079.06,,True
2026-01-17,tender,open_market,-1,5317203,,,,1078.06,,True
2026-01-17,tender,open_market,-1,5317234,,,,1078.06,,True
2026-01-17,tender,open_market,-1,5317246,,,,647.4,,True
2026-01-17,tender,open_market,-1,5317262,,,,460.24,,True
2026-01-17,tender,open_market,-1,5317264,,,,1506.71,,True
2026-01-17,tender,open_market,-1,5317266,,,,1017.16,,True
2026-01-17,tender,open_market,-1,5317290,,,,723.24,,True
2026-01-17,tender,open_market,-1,5317294,,,,1679.22,,True
2026-01-17,tender,open_market,-1,5317299,,,,1421.28,,True
2026-01-17,tender,open_market,-1,5317816,,,,2646.25,,True
2026-01-17,tender,open_market,-1,5317825,,,,683.92,,True
2026-01-17,tender,open_market,-1,5317827,,,,1120.77,,True
2026-01-17,tender,open_market,-1,5317834,,,,1685.46,,True
2026-01-17,tender,open_market,-1,5317839,,,,1079.06,,True
2026-01-17,tender,open_market,-1,5317840,,,,1655.93,,True
2026-01-17,tender,open_market,-1,5317848,,,,1078.06,,True
2026-01-17,tender,open_market,-1,5316891,,,,2607.93,,True
2026-01-17,tender,open_market,-1,5316925,,,,3519.5,,True
2026-01-17,tender,open_market,-1,5317126,,,,2607.93,,True
2026-01-17,tender,open_market,-1,5317137,,,,1949.53,,True
2026-01-17,tender,open_market,-1,5317211,,,,2827.26,,True
2026-01-17,tender,open_market,-1,5316892,,,,539.23,,True
2026-01-17,tender,open_market,-1,5316895,,,,572.93,,True
2026-01-17,tender,open_market,-1,5316901,,,,718.54,,True
2026-01-17,tender,open_market,-1,5316904,,,,761.69,,True
2026-01-17,tender,open_market,-1,5316909,,,,4113.56,,True
2026-01-17,tender,open_market,-1,5316910,,,,4113.56,,True
2026-01-17,tender,open_market,-1,5316913,,,,1183.1,,True
2026-01-17,tender,open_market,-1,5316919,,,,1214.14,,True
2026-01-17,tender,open_market,-1,5316931,,,,515.2,,True
2026-01-17,tender,open_market,-1,5316942,,,,1587.27,,True
2026-01-17,tender,open_market,-1,5316945,,,,3704.36,,True
2026-01-17,tender,open_market,-1,5316952,,,,1275.53,,True
2026-01-17,tender,open_market,-1,5316960,,,,515.2,,True
2026-01-17,tender,open_market,-1,5316962,,,,515.2,,True
2026-01-17,tender,open_market,-1,5316966,,,,515.2,,True
2026-01-17,tender,open_market,-1,5316978,,,,515.2,,True
2026-01-17,tender,open_market,-1,5316984,,,,515.2,,True
2026-01-17,tender,open_market,-1,5316990,,,,1214.14,,True
2026-01-17,tender,open_market,-1,5317001,,,,515.2,,True
2026-01-17,tender,open_market,-1,5317006,,,,515.2,,True
2026-01-17,tender,open_market,-1,5317019,,,,998.58,,True
2026-01-17,tender,open_market,-1,5317027,,,,515.2,,True
2026-01-17,tender,open_market,-1,5317033,,,,1257.88,,True
2026-01-17,tender,open_market,-1,5317038,,,,1365.28,,True
2026-01-17,tender,open_market,-1,5317039,,,,515.2,,True
2026-01-17,tender,open_market,-1,5317060,,,,761.69,,True
2026-01-17,tender,open_market,-1,5317064,,,,2183.07,,True
2026-01-17,tender,open_market,-1,5317068,,,,430.45,,True
2026-01-17,tender,open_market,-1,5317078,,,,441.54,,True
2026-01-17,tender,open_market,-1,5317081,,,,1097.9,,True
2026-01-17,tender,open_market,-1,5317084,,,,1163.02,,True
2026-01-17,tender,open_market,-1,5317085,,,,950.02,,True
2026-01-17,tender,open_market,-1,5317086,,,,873.6,,True
2026-01-17,tender,open_market,-1,5317088,,,,1214.14,,True
2026-01-17,tender,open_market,-1,5317091,,,,887.81,,True
2026-01-17,tender,open_market,-1,5317095,,,,1299.76,,True
2026-01-17,tender,open_market,-1,5317096,,,,692.15,,True
2026-01-17,tender,open_market,-1,5317101,,,,875.14,,True
2026-01-17,tender,open_market,-1,5317105,,,,1216.97,,True
2026-01-17,tender,open_market,-1,5317106,,,,692.15,,True
2026-01-17,tender,open_market,-1,5317110,,,,515.2,,True
2026-01-17,tender,open_market,-1,5317122,,,,1379.28,,True
2026-01-17,tender,open_market,-1,5317123,,,,515.2,,True
2026-01-17,tender,open_market,-1,5317124,,,,660.53,,True
2026-01-17,tender,open_market,-1,5317127,,,,1047.35,,True
2026-01-17,tender,open_market,-1,5317131,,,,894.88,,True
2026-01-17,tender,open_market,-1,5317148,,,,2930.18,,True
2026-01-17,tender,open_market,-1,5317149,,,,692.15,,True
2026-01-17,tender,open_market,-1,5317152,,,,950.02,,True
2026-01-17,tender,open_market,-1,5317155,,,,692.15,,True
2026-01-17,tender,open_market,-1,5317168,,,,1379.28,,True
2026-01-17,tender,open_market,-1,5317171,,,,838.66,,True
2026-01-17,tender,open_market,-1,5317173,,,,1028.18,,True
2026-01-17,tender,open_market,-1,5317181,,,,502.13,,True
2026-01-17,tender,open_market,-1,5317182,,,,761.69,,True
2026-01-17,tender,open_market,-1,5317191,,,,515.2,,True
2026-01-17,tender,open_market,-1,5317196,,,,2964.99,,True
2026-01-17,tender,open_market,-1,5317202,,,,552.42,,True
2026-01-17,tender,open_market,-1,5317207,,,,1710.58,,True
2026-01-17,tender,open_market,-1,5317221,,,,1012.33,,True
2026-01-17,tender,open_market,-1,5317231,,,,1012.33,,True
2026-01-17,tender,open_market,-1,5317236,,,,850.94,,True
2026-01-17,tender,open_market,-1,5317254,,,,875.14,,True
2026-01-17,tender,open_market,-1,5317258,,,,1015.48,,True
2026-01-17,tender,open_market,-1,5317265,,,,692.15,,True
2026-01-17,tender,open_market,-1,5317272,,,,1869.31,,True
2026-01-17,tender,open_market,-1,5317273,,,,1012.33,,True
2026-01-17,tender,open_market,-1,5317275,,,,539.23,,True
2026-01-17,tender,open_market,-1,5317293,,,,1012.33,,True
2026-01-17,tender,open_market,-1,5317819,,,,515.2,,True
2026-01-17,tender,open_market,-1,5317821,,,,873.6,,True
2026-01-17,tender,open_market,-1,5317823,,,,1714.97,,True
2026-01-17,tender,open_market,-1,5317832,,,,1379.28,,True
2026-01-17,tender,open_market,-1,5317837,,,,1844.8,,True
2026-01-17,tender,open_market,-1,5317841,,,,761.69,,True
2026-01-17,tender,open_market,-1,5317843,,,,761.69,,True
2026-01-17,tender,open_market,-1,5316886,,,,548.98,,True
2026-01-17,tender,open_market,-1,5316907,,,,1388.16,,True
2026-01-17,tender,open_market,-1,5316933,,,,1874.84,,True
2026-01-17,tender,open_market,-1,5316936,,,,1689.05,,True
2026-01-17,tender,open_market,-1,5316949,,,,1115.14,,True
2026-01-17,tender,open_market,-1,5316957,,,,1227.31,,True
2026-01-17,tender,open_market,-1,5316985,,,,1458.59,,True
2026-01-17,tender,open_market,-1,5316993,,,,862.87,,True
2026-01-17,tender,open_market,-1,5317011,,,,640.74,,True
2026-01-17,tender,open_market,-1,5317012,,,,1808.56,,True
2026-01-17,tender,open_market,-1,5317040,,,,1439.28,,True
2026-01-17,tender,open_market,-1,5317041,,,,1234.8,,True
2026-01-17,tender,open_market,-1,5317042,,,,1808.56,,True
2026-01-17,tender,open_market,-1,5317051,,,,1617.27,,True
2026-01-17,tender,open_market,-1,5317058,,,,1439.28,,True
2026-01-17,tender,open_market,-1,5317082,,,,1141.81,,True
2026-01-17,tender,open_market,-1,5317111,,,,1234.8,,True
2026-01-17,tender,open_market,-1,5317192,,,,1458.59,,True
2026-01-17,tender,open_market,-1,5317228,,,,511.51,,True
2026-01-17,tender,open_market,-1,5317230,,,,2687.27,,True
2026-01-17,tender,open_market,-1,5317235,,,,1439.28,,True
2026-01-17,tender,open_market,-1,5317271,,,,1862.21,,True
2026-01-17,tender,open_market,-1,5317286,,,,819.27,,True
2026-01-17,tender,open_market,-1,5317295,,,,1902.89,,True
2026-01-17,tender,open_market,-1,5317296,,,,1871.78,,True
2026-01-17,tender,open_market,-1,5317838,,,,400.0,,True
2026-01-17,tender,open_market,-1,5316951,,,,1032.84,,True
2026-01-17,tender,open_market,-1,5316958,,,,400.0,,True
2026-01-17,tender,open_market,-1,5317020,,,,1954.06,,True
2026-01-17,tender,open_market,-1,5317129,,,,731.52,,True
2026-01-17,tender,open_market,-1,5317146,,,,1885.74,,True
2026-01-17,tender,open_market,-1,5317162,,,,1102.85,,True
2026-01-17,tender,open_market,-1,5317164,,,,1032.84,,True
2026-01-17,tender,open_market,-1,5317176,,,,2124.1,,True
2026-01-17,tender,open_market,-1,5317187,,,,1321.83,,True
2026-01-17,tender,open_market,-1,5317197,,,,1420.03,,True
2026-01-17,tender,open_market,-1,5317209,,,,1392.92,,True
2026-01-17,tender,open_market,-1,5317213,,,,1158.91,,True
2026-01-17,tender,open_market,-1,5317226,,,,533.47,,True
2026-01-17,tender,open_market,-1,5317257,,,,1334.5,,True
2026-01-17,tender,open_market,-1,5317822,,,,533.47,,True
2026-01-17,tender,open_market,-1,5317188,,,,2362.88,,True
2026-01-17,tender,open_market,-1,5317242,,,,2377.24,,True
2026-01-17,tender,open_market,-1,5316922,,,,1732.0,,True
2026-01-17,tender,open_market,-1,5316937,,,,1080.24,,True
2026-01-17,tender,open_market,-1,5316975,,,,2222.64,,True
2026-01-17,tender,open_market,-1,5316994,,,,1353.32,,True
2026-01-17,tender,open_market,-1,5317031,,,,1887.02,,True
2026-01-17,tender,open_market,-1,5317037,,,,1560.56,,True
2026-01-17,tender,open_market,-1,5317049,,,,1786.81,,True
2026-01-17,tender,open_market,-1,5317072,,,,2843.35,,True
2026-01-17,tender,open_market,-1,5317079,,,,403.44,,True
2026-01-17,tender,open_market,-1,5317113,,,,2040.03,,True
2026-01-17,tender,open_market,-1,5317157,,,,1315.96,,True
2026-01-17,tender,open_market,-1,5317158,,,,2222.64,,True
2026-01-17,tender,open_market,-1,5317159,,,,1353.32,,True
2026-01-17,tender,open_market,-1,5317180,,,,1832.96,,True
2026-01-17,tender,open_market,-1,5317194,,,,886.03,,True
2026-01-17,tender,open_market,-1,5317240,,,,1786.81,,True
2026-01-17,tender,open_market,-1,5316946,,,,554.93,,True
2026-01-17,tender,open_market,-1,5317050,,,,2398.71,,True
2026-01-17,tender,open_market,-1,5317076,,,,2219.62,,True
2026-01-17,tender,open_market,-1,5317150,,,,2327.51,,True
2026-01-17,tender,open_market,-1,5317190,,,,1209.04,,True
2026-01-17,tender,open_market,-1,5317222,,,,2303.66,,True
2026-01-17,tender,open_market,-1,5317828,,,,2398.71,,True
2026-01-17,tender,open_market,-1,5316900,,,,1362.22,,True
2026-01-17,tender,open_market,-1,5316903,,,,1956.58,,True
2026-01-17,tender,open_market,-1,5316915,,,,641.18,,True
2026-01-17,tender,open_market,-1,5316950,,,,627.77,,True
2026-01-17,tender,open_market,-1,5316974,,,,641.18,,True
2026-01-17,tender,open_market,-1,5316977,,,,641.18,,True
2026-01-17,tender,open_market,-1,5317117,,,,1208.84,,True
2026-01-17,tender,open_market,-1,5317217,,,,1644.3,,True
2026-01-17,tender,open_market,-1,5317223,,,,1604.32,,True
2026-01-17,tender,open_market,-1,5317250,,,,1564.16,,True
2026-01-17,tender,open_market,-1,5317260,,,,681.01,,True
2026-01-17,tender,open_market,-1,5317278,,,,1604.32,,True
2026-01-17,tender,open_market,-1,5316916,,,,1320.56,,True
2026-01-17,tender,open_market,-1,5316920,,,,1362.04,,True
2026-01-17,tender,open_market,-1,5317073,,,,1808.93,,True
2026-01-17,tender,open_market,-1,5317167,,,,2032.81,,True
2026-01-17,tender,open_market,-1,5317238,,,,1128.12,,True
2026-01-17,tender,open_market,-1,5317247,,,,2449.36,,True
2026-01-17,tender,open_market,-1,5317820,,,,2355.97,,True
2026-01-17,tender,open_market,-1,5316889,,,,1877.3,,True
2026-01-17,tender,open_market,-1,5316926,,,,3107.66,,True
2026-01-17,tender,open_market,-1,5316959,,,,1978.76,,True
2026-01-17,tender,open_market,-1,5317008,,,,1978.76,,True
2026-01-17,tender,open_market,-1,5317026,,,,2232.09,,True
2026-01-17,tender,open_market,-1,5317107,,,,1183.22,,True
2026-01-17,tender,open_market,-1,5317177,,,,2752.55,,True
2026-01-17,tender,open_market,-1,5317195,,,,3184.24,,True
2026-01-17,tender,open_market,-1,5317224,,,,2834.97,,True
2026-01-17,tender,open_market,-1,5317252,,,,2729.76,,True
2026-01-17,tender,open_market,-1,5317842,,,,2395.86,,True
2026-01-17,tender,open_market,-1,5317849,,,,1339.58,,True
2026-01-17,tender,open_market,-1,5316896,,,,1348.05,,True
2026-01-17,tender,open_market,-1,5316906,,,,741.31,,True
2026-01-17,tender,open_market,-1,5316908,,,,1290.67,,True
2026-01-17,tender,open_market,-1,5316912,,,,1014.55,,True
2026-01-17,tender,open_market,-1,5316914,,,,1761.25,,True
2026-01-17,tender,open_market,-1,5316921,,,,4522.76,,True
2026-01-17,tender,open_market,-1,5316944,,,,1100.75,,True
2026-01-17,tender,open_market,-1,5316963,,,,741.31,,True
2026-01-17,tender,open_market,-1,5316968,,,,741.31,,True
2026-01-17,tender,open_market,-1,5316982,,,,843.88,,True
2026-01-17,tender,open_market,-1,5316989,,,,741.31,,True
2026-01-17,tender,open_market,-1,5316996,,,,626.1,,True
2026-01-17,tender,open_market,-1,5316998,,,,1348.05,,True
2026-01-17,tender,open_market,-1,5316999,,,,1348.05,,True
2026-01-17,tender,open_market,-1,5317002,,,,741.31,,True
2026-01-17,tender,open_market,-1,5317004,,,,1050.02,,True
2026-01-17,tender,open_market,-1,5317007,,,,1050.02,,True
2026-01-17,tender,open_market,-1,5317010,,,,1495.31,,True
2026-01-17,tender,open_market,-1,5317013,,,,1290.67,,True
2026-01-17,tender,open_market,-1,5317034,,,,741.31,,True
2026-01-17,tender,open_market,-1,5317043,,,,907.44,,True
2026-01-17,tender,open_market,-1,5317047,,,,819.46,,True
2026-01-17,tender,open_market,-1,5317048,,,,1321.84,,True
2026-01-17,tender,open_market,-1,5317055,,,,1070.18,,True
2026-01-17,tender,open_market,-1,5317066,,,,1290.67,,True
2026-01-17,tender,open_market,-1,5317069,,,,760.32,,True
2026-01-17,tender,open_market,-1,5317090,,,,966.24,,True
2026-01-17,tender,open_market,-1,5317098,,,,1525.24,,True
2026-01-17,tender,open_market,-1,5317112,,,,741.31,,True
2026-01-17,tender,open_market,-1,5317136,,,,1349.6,,True
2026-01-17,tender,open_market,-1,5317145,,,,1136.68,,True
2026-01-17,tender,open_market,-1,5317161,,,,1289.53,,True
2026-01-17,tender,open_market,-1,5317183,,,,1110.38,,True
2026-01-17,tender,open_market,-1,5317184,,,,740.52,,True
2026-01-17,tender,open_market,-1,5317189,,,,1515.7,,True
2026-01-17,tender,open_market,-1,5317201,,,,1232.47,,True
2026-01-17,tender,open_market,-1,5317206,,,,2409.91,,True
2026-01-17,tender,open_market,-1,5317216,,,,740.52,,True
2026-01-17,tender,open_market,-1,5317220,,,,1290.67,,True
2026-01-17,tender,open_market,-1,5317239,,,,486.53,,True
2026-01-17,tender,open_market,-1,5317241,,,,400.0,,True
2026-01-17,tender,open_market,-1,5317251,,,,1099.31,,True
2026-01-17,tender,open_market,-1,5317255,,,,1547.94,,True
2026-01-17,tender,open_market,-1,5317268,,,,1127.98,,True
2026-01-17,tender,open_market,-1,5317274,,,,1984.59,,True
2026-01-17,tender,open_market,-1,5317277,,,,2207.45,,True
2026-01-17,tender,open_market,-1,5317279,,,,1337.71,,True
2026-01-17,tender,open_market,-1,5317284,,,,400.0,,True
2026-01-17,tender,open_market,-1,5317287,,,,841.1,,True
2026-01-17,tender,open_market,-1,5317289,,,,544.51,,True
2026-01-17,tender,open_market,-1,5317300,,,,1679.18,,True
2026-01-17,tender,open_market,-1,5317831,,,,741.31,,True
2026-01-17,tender,open_market,-1,5317846,,,,1099.31,,True
2026-01-17,tender,open_market,-1,5316894,,,,992.92,,True
2026-01-17,tender,open_market,-1,5316927,,,,935.21,,True
2026-01-17,tender,open_market,-1,5316948,,,,784.13,,True
2026-01-17,tender,open_market,-1,5316953,,,,1838.44,,True
2026-01-17,tender,open_market,-1,5316954,,,,992.92,,True
2026-01-17,tender,open_market,-1,5316961,,,,818.53,,True
2026-01-17,tender,open_market,-1,5316976,,,,818.53,,True
2026-01-17,tender,open_market,-1,5316987,,,,1472.26,,True
2026-01-17,tender,open_market,-1,5317046,,,,561.79,,True
2026-01-17,tender,open_market,-1,5317067,,,,836.5,,True
2026-01-17,tender,open_market,-1,5317071,,,,818.53,,True
2026-01-17,tender,open_market,-1,5317074,,,,992.92,,True
2026-01-17,tender,open_market,-1,5317080,,,,992.92,,True
2026-01-17,tender,open_market,-1,5317089,,,,1066.58,,True
2026-01-17,tender,open_market,-1,5317094,,,,999.1,,True
2026-01-17,tender,open_market,-1,5317097,,,,999.1,,True
2026-01-17,tender,open_market,-1,5317099,,,,1143.93,,True
2026-01-17,tender,open_market,-1,5317114,,,,818.53,,True
2026-01-17,tender,open_market,-1,5317125,,,,992.92,,True
2026-01-17,tender,open_market,-1,5317133,,,,1502.41,,True
2026-01-17,tender,open_market,-1,5317134,,,,1676.68,,True
2026-01-17,tender,open_market,-1,5317139,,,,999.1,,True
2026-01-17,tender,open_market,-1,5317154,,,,1676.68,,True
2026-01-17,tender,open_market,-1,5317200,,,,2032.89,,True
2026-01-17,tender,open_market,-1,5317205,,,,400.0,,True
2026-01-17,tender,open_market,-1,5317208,,,,992.92,,True
2026-01-17,tender,open_market,-1,5317215,,,,999.1,,True
2026-01-17,tender,open_market,-1,5317229,,,,1754.38,,True
2026-01-17,tender,open_market,-1,5317244,,,,999.1,,True
2026-01-17,tender,open_market,-1,5317282,,,,400.0,,True
2026-01-17,tender,open_market,-1,5317283,,,,1671.38,,True
2026-01-17,tender,open_market,-1,5317298,,,,784.13,,True
2026-01-17,tender,open_market,-1,5316967,,,,2149.32,,True
2026-01-17,tender,open_market,-1,5316991,,,,2197.6,,True
2026-01-17,tender,open_market,-1,5317030,,,,2229.12,,True
2026-01-17,tender,open_market,-1,5317163,,,,1161.44,,True
2026-01-17,tender,open_market,-1,5317248,,,,1546.78,,True
2026-01-17,tender,open_market,-1,5317836,,,,1157.02,,True
2026-01-24,dedicated,SurePath Freightways,4,5317304,1570.0,496.0,24.0,4844.04,5,True
2026-01-24,dedicated,SurePath Freightways,4,5317624,1570.0,496.0,24.0,4844.04,5,True
2026-01-24,dedicated,HighPlains Logistics,9,5317506,1648.3,272.4,14.2,4367.99,5,True
2026-01-24,dedicated,HighPlains Logistics,9,5317336,1648.3,272.4,14.2,4367.99,5,True
2026-01-24,dedicated,HawkWing Freight,12,5317502,1701.9,499.2,22.7,4510.03,5,True
2026-01-24,dedicated,HawkWing Freight,12,5317379,1701.9,499.2,22.7,4510.03,5,True
2026-01-24,dedicated,CopperCanyon Carriers,14,5317499,1500.9,551.3,26.9,4612.24,5,True
2026-01-24,dedicated,CopperCanyon Carriers,14,5317785,1500.9,551.3,26.9,4612.24,5,True
2026-01-24,dedicated,EastGate Express,15,5317461,1516.3,612.6,28.8,4436.62,5,True
2026-01-24,dedicated,EastGate Express,15,5317366,1516.3,612.6,28.8,4436.62,5,True
2026-01-24,dedicated,TrueNorth Haulage,16,5317513,1569.3,427.0,21.4,4974.41,5,True
2026-01-24,dedicated,TrueNorth Haulage,16,5317706,1569.3,427.0,21.4,4974.41,5,True
2026-01-24,dedicated,TrueNorth Haulage,16,5317436,1569.3,427.0,21.4,4974.41,5,True
2026-01-24,dedicated,StormPort Truck Lines,19,5317602,1468.8,731.2,33.2,4089.53,5,True
2026-01-24,dedicated,StormPort Truck Lines,19,5317654,1468.8,731.2,33.2,4089.53,5,True
2026-01-24,tender,open_market,-1,5317324,,,,915.16,,True
2026-01-24,tender,open_market,-1,5317326,,,,1073.41,,True
2026-01-24,tender,open_market,-1,5317339,,,,1476.59,,True
2026-01-24,tender,open_market,-1,5317377,,,,735.95,,True
2026-01-24,tender,open_market,-1,5317398,,,,400.0,,True
2026-01-24,tender,open_market,-1,5317399,,,,400.0,,True
2026-01-24,tender,open_market,-1,5317402,,,,1143.06,,True
2026-01-24,tender,open_market,-1,5317403,,,,400.0,,True
2026-01-24,tender,open_market,-1,5317404,,,,400.0,,True
2026-01-24,tender,open_market,-1,5317407,,,,400.0,,True
2026-01-24,tender,open_market,-1,5317415,,,,400.0,,True
2026-01-24,tender,open_market,-1,5317420,,,,1484.88,,True
2026-01-24,tender,open_market,-1,5317427,,,,400.0,,True
2026-01-24,tender,open_market,-1,5317433,,,,1655.04,,True
2026-01-24,tender,open_market,-1,5317449,,,,735.95,,True
2026-01-24,tender,open_market,-1,5317450,,,,400.0,,True
2026-01-24,tender,open_market,-1,5317454,,,,3714.8,,True
2026-01-24,tender,open_market,-1,5317466,,,,1292.72,,True
2026-01-24,tender,open_market,-1,5317470,,,,1655.04,,True
2026-01-24,tender,open_market,-1,5317571,,,,844.54,,True
2026-01-24,tender,open_market,-1,5317590,,,,400.0,,True
2026-01-24,tender,open_market,-1,5317599,,,,2688.22,,True
2026-01-24,tender,open_market,-1,5317609,,,,2342.18,,True
2026-01-24,tender,open_market,-1,5317622,,,,2259.19,,True
2026-01-24,tender,open_market,-1,5317623,,,,1484.88,,True
2026-01-24,tender,open_market,-1,5317627,,,,1484.88,,True
2026-01-24,tender,open_market,-1,5317633,,,,735.95,,True
2026-01-24,tender,open_market,-1,5317638,,,,1143.06,,True
2026-01-24,tender,open_market,-1,5317646,,,,1034.66,,True
2026-01-24,tender,open_market,-1,5317676,,,,1034.66,,True
2026-01-24,tender,open_market,-1,5317692,,,,400.0,,True
2026-01-24,tender,open_market,-1,5317695,,,,1135.88,,True
2026-01-24,tender,open_market,-1,5317711,,,,1028.7,,True
2026-01-24,tender,open_market,-1,5317715,,,,1242.62,,True
2026-01-24,tender,open_market,-1,5317725,,,,901.3,,True
2026-01-24,tender,open_market,-1,5317734,,,,945.25,,True
2026-01-24,tender,open_market,-1,5317758,,,,1737.28,,True
2026-01-24,tender,open_market,-1,5317773,,,,1279.49,,True
2026-01-24,tender,open_market,-1,5317787,,,,3767.28,,True
2026-01-24,tender,open_market,-1,5317794,,,,1242.62,,True
2026-01-24,tender,open_market,-1,5317851,,,,1292.72,,True
2026-01-24,tender,open_market,-1,5317853,,,,844.54,,True
2026-01-24,tender,open_market,-1,5317854,,,,2259.19,,True
2026-01-24,tender,open_market,-1,5317881,,,,577.76,,True
2026-01-24,tender,open_market,-1,5317884,,,,400.0,,True
2026-01-24,tender,open_market,-1,5317322,,,,1493.69,,True
2026-01-24,tender,open_market,-1,5317362,,,,1169.96,,True
2026-01-24,tender,open_market,-1,5317406,,,,944.02,,True
2026-01-24,tender,open_market,-1,5317453,,,,944.02,,True
2026-01-24,tender,open_market,-1,5317460,,,,1009.43,,True
2026-01-24,tender,open_market,-1,5317526,,,,917.37,,True
2026-01-24,tender,open_market,-1,5317543,,,,1433.38,,True
2026-01-24,tender,open_market,-1,5317551,,,,1904.03,,True
2026-01-24,tender,open_market,-1,5317585,,,,749.62,,True
2026-01-24,tender,open_market,-1,5317730,,,,1493.69,,True
2026-01-24,tender,open_market,-1,5317743,,,,1297.96,,True
2026-01-24,tender,open_market,-1,5317367,,,,3021.31,,True
2026-01-24,tender,open_market,-1,5317419,,,,3767.72,,True
2026-01-24,tender,open_market,-1,5317423,,,,400.0,,True
2026-01-24,tender,open_market,-1,5317500,,,,726.1,,True
2026-01-24,tender,open_market,-1,5317546,,,,642.71,,True
2026-01-24,tender,open_market,-1,5317556,,,,1418.77,,True
2026-01-24,tender,open_market,-1,5317557,,,,1418.77,,True
2026-01-24,tender,open_market,-1,5317566,,,,1380.57,,True
2026-01-24,tender,open_market,-1,5317573,,,,642.71,,True
2026-01-24,tender,open_market,-1,5317575,,,,1418.77,,True
2026-01-24,tender,open_market,-1,5317582,,,,1047.54,,True
2026-01-24,tender,open_market,-1,5317629,,,,1418.77,,True
2026-01-24,tender,open_market,-1,5317642,,,,1407.28,,True
2026-01-24,tender,open_market,-1,5317665,,,,3021.31,,True
2026-01-24,tender,open_market,-1,5317696,,,,1488.41,,True
2026-01-24,tender,open_market,-1,5317732,,,,452.23,,True
2026-01-24,tender,open_market,-1,5317736,,,,1034.32,,True
2026-01-24,tender,open_market,-1,5317790,,,,1481.23,,True
2026-01-24,tender,open_market,-1,5317807,,,,1178.0,,True
2026-01-24,tender,open_market,-1,5317809,,,,809.03,,True
2026-01-24,tender,open_market,-1,5317868,,,,400.0,,True
2026-01-24,tender,open_market,-1,5317310,,,,3770.36,,True
2026-01-24,tender,open_market,-1,5317311,,,,552.86,,True
2026-01-24,tender,open_market,-1,5317317,,,,431.64,,True
2026-01-24,tender,open_market,-1,5317321,,,,3364.2,,True
2026-01-24,tender,open_market,-1,5317327,,,,431.64,,True
2026-01-24,tender,open_market,-1,5317329,,,,1892.9,,True
2026-01-24,tender,open_market,-1,5317330,,,,1108.8,,True
2026-01-24,tender,open_market,-1,5317335,,,,1065.64,,True
2026-01-24,tender,open_market,-1,5317347,,,,638.35,,True
2026-01-24,tender,open_market,-1,5317349,,,,954.36,,True
2026-01-24,tender,open_market,-1,5317359,,,,804.88,,True
2026-01-24,tender,open_market,-1,5317361,,,,3910.72,,True
2026-01-24,tender,open_market,-1,5317368,,,,400.0,,True
2026-01-24,tender,open_market,-1,5317369,,,,1191.55,,True
2026-01-24,tender,open_market,-1,5317393,,,,971.78,,True
2026-01-24,tender,open_market,-1,5317409,,,,431.64,,True
2026-01-24,tender,open_market,-1,5317416,,,,972.89,,True
2026-01-24,tender,open_market,-1,5317422,,,,4348.52,,True
2026-01-24,tender,open_market,-1,5317438,,,,1906.94,,True
2026-01-24,tender,open_market,-1,5317446,,,,1079.5,,True
2026-01-24,tender,open_market,-1,5317455,,,,1079.5,,True
2026-01-24,tender,open_market,-1,5317462,,,,479.62,,True
2026-01-24,tender,open_market,-1,5317482,,,,804.88,,True
2026-01-24,tender,open_market,-1,5317491,,,,1970.46,,True
2026-01-24,tender,open_market,-1,5317492,,,,699.34,,True
2026-01-24,tender,open_market,-1,5317505,,,,4305.84,,True
2026-01-24,tender,open_market,-1,5317519,,,,431.64,,True
2026-01-24,tender,open_market,-1,5317528,,,,1441.44,,True
2026-01-24,tender,open_market,-1,5317535,,,,431.64,,True
2026-01-24,tender,open_market,-1,5317569,,,,431.64,,True
2026-01-24,tender,open_market,-1,5317580,,,,1148.54,,True
2026-01-24,tender,open_market,-1,5317589,,,,804.88,,True
2026-01-24,tender,open_market,-1,5317595,,,,782.26,,True
2026-01-24,tender,open_market,-1,5317601,,,,400.0,,True
2026-01-24,tender,open_market,-1,5317604,,,,950.27,,True
2026-01-24,tender,open_market,-1,5317607,,,,699.34,,True
2026-01-24,tender,open_market,-1,5317616,,,,1142.34,,True
2026-01-24,tender,open_market,-1,5317620,,,,1645.8,,True
2026-01-24,tender,open_market,-1,5317621,,,,938.07,,True
2026-01-24,tender,open_market,-1,5317632,,,,2010.56,,True
2026-01-24,tender,open_market,-1,5317668,,,,1418.05,,True
2026-01-24,tender,open_market,-1,5317669,,,,2245.72,,True
2026-01-24,tender,open_market,-1,5317677,,,,1158.53,,True
2026-01-24,tender,open_market,-1,5317686,,,,699.34,,True
2026-01-24,tender,open_market,-1,5317691,,,,1272.57,,True
2026-01-24,tender,open_market,-1,5317709,,,,1158.53,,True
2026-01-24,tender,open_market,-1,5317713,,,,1325.18,,True
2026-01-24,tender,open_market,-1,5317714,,,,1263.8,,True
2026-01-24,tender,open_market,-1,5317722,,,,804.88,,True
2026-01-24,tender,open_market,-1,5317724,,,,1500.61,,True
2026-01-24,tender,open_market,-1,5317729,,,,400.0,,True
2026-01-24,tender,open_market,-1,5317752,,,,1785.89,,True
2026-01-24,tender,open_market,-1,5317766,,,,966.43,,True
2026-01-24,tender,open_market,-1,5317767,,,,1142.86,,True
2026-01-24,tender,open_market,-1,5317788,,,,804.88,,True
2026-01-24,tender,open_market,-1,5317806,,,,966.43,,True
2026-01-24,tender,open_market,-1,5317808,,,,1289.02,,True
2026-01-24,tender,open_market,-1,5317860,,,,1246.91,,True
2026-01-24,tender,open_market,-1,5317873,,,,1248.49,,True
2026-01-24,tender,open_market,-1,5317875,,,,1248.49,,True
2026-01-24,tender,open_market,-1,5317487,,,,1616.58,,True
2026-01-24,tender,open_market,-1,5317594,,,,697.6,,True
2026-01-24,tender,open_market,-1,5317614,,,,1767.94,,True
2026-01-24,tender,open_market,-1,5317615,,,,1323.2,,True
2026-01-24,tender,open_market,-1,5317631,,,,2227.05,,True
2026-01-24,tender,open_market,-1,5317697,,,,2131.57,,True
2026-01-24,tender,open_market,-1,5317857,,,,1783.77,,True
2026-01-24,tender,open_market,-1,5317863,,,,1266.51,,True
2026-01-24,tender,open_market,-1,5317301,,,,1077.0,,True
2026-01-24,tender,open_market,-1,5317351,,,,1180.8,,True
2026-01-24,tender,open_market,-1,5317352,,,,400.0,,True
2026-01-24,tender,open_market,-1,5317353,,,,999.17,,True
2026-01-24,tender,open_market,-1,5317396,,,,1155.45,,True
2026-01-24,tender,open_market,-1,5317401,,,,400.0,,True
2026-01-24,tender,open_market,-1,5317411,,,,1057.9,,True
2026-01-24,tender,open_market,-1,5317428,,,,400.0,,True
2026-01-24,tender,open_market,-1,5317444,,,,869.56,,True
2026-01-24,tender,open_market,-1,5317468,,,,1139.47,,True
2026-01-24,tender,open_market,-1,5317469,,,,1077.0,,True
2026-01-24,tender,open_market,-1,5317473,,,,869.56,,True
2026-01-24,tender,open_market,-1,5317495,,,,2528.1,,True
2026-01-24,tender,open_market,-1,5317503,,,,400.0,,True
2026-01-24,tender,open_market,-1,5317527,,,,400.0,,True
2026-01-24,tender,open_market,-1,5317548,,,,400.0,,True
2026-01-24,tender,open_market,-1,5317549,,,,785.66,,True
2026-01-24,tender,open_market,-1,5317550,,,,3590.68,,True
2026-01-24,tender,open_market,-1,5317558,,,,1503.74,,True
2026-01-24,tender,open_market,-1,5317567,,,,1139.47,,True
2026-01-24,tender,open_market,-1,5317586,,,,1139.47,,True
2026-01-24,tender,open_market,-1,5317588,,,,1862.68,,True
2026-01-24,tender,open_market,-1,5317613,,,,1057.9,,True
2026-01-24,tender,open_market,-1,5317634,,,,421.74,,True
2026-01-24,tender,open_market,-1,5317644,,,,1128.19,,True
2026-01-24,tender,open_market,-1,5317647,,,,869.56,,True
2026-01-24,tender,open_market,-1,5317657,,,,739.54,,True
2026-01-24,tender,open_market,-1,5317698,,,,1045.56,,True
2026-01-24,tender,open_market,-1,5317727,,,,400.0,,True
2026-01-24,tender,open_market,-1,5317735,,,,666.92,,True
2026-01-24,tender,open_market,-1,5317737,,,,1153.11,,True
2026-01-24,tender,open_market,-1,5317745,,,,785.66,,True
2026-01-24,tender,open_market,-1,5317757,,,,1219.3,,True
2026-01-24,tender,open_market,-1,5317763,,,,421.74,,True
2026-01-24,tender,open_market,-1,5317774,,,,1484.11,,True
2026-01-24,tender,open_market,-1,5317855,,,,400.0,,True
2026-01-24,tender,open_market,-1,5317858,,,,1230.34,,True
2026-01-24,tender,open_market,-1,5317861,,,,869.56,,True
2026-01-24,tender,open_market,-1,5317865,,,,1808.62,,True
2026-01-24,tender,open_market,-1,5317302,,,,2686.09,,True
2026-01-24,tender,open_market,-1,5317307,,,,1670.03,,True
2026-01-24,tender,open_market,-1,5317312,,,,1685.46,,True
2026-01-24,tender,open_market,-1,5317319,,,,547.39,,True
2026-01-24,tender,open_market,-1,5317331,,,,1716.5,,True
2026-01-24,tender,open_market,-1,5317332,,,,1399.35,,True
2026-01-24,tender,open_market,-1,5317341,,,,1078.06,,True
2026-01-24,tender,open_market,-1,5317344,,,,996.91,,True
2026-01-24,tender,open_market,-1,5317345,,,,824.61,,True
2026-01-24,tender,open_market,-1,5317374,,,,824.61,,True
2026-01-24,tender,open_market,-1,5317376,,,,2703.53,,True
2026-01-24,tender,open_market,-1,5317386,,,,1685.46,,True
2026-01-24,tender,open_market,-1,5317390,,,,1376.15,,True
2026-01-24,tender,open_market,-1,5317405,,,,567.2,,True
2026-01-24,tender,open_market,-1,5317408,,,,497.59,,True
2026-01-24,tender,open_market,-1,5317413,,,,1592.21,,True
2026-01-24,tender,open_market,-1,5317430,,,,947.03,,True
2026-01-24,tender,open_market,-1,5317435,,,,1078.06,,True
2026-01-24,tender,open_market,-1,5317445,,,,817.14,,True
2026-01-24,tender,open_market,-1,5317451,,,,3796.51,,True
2026-01-24,tender,open_market,-1,5317471,,,,1513.51,,True
2026-01-24,tender,open_market,-1,5317477,,,,1498.77,,True
2026-01-24,tender,open_market,-1,5317481,,,,2492.98,,True
2026-01-24,tender,open_market,-1,5317489,,,,1433.38,,True
2026-01-24,tender,open_market,-1,5317523,,,,1716.5,,True
2026-01-24,tender,open_market,-1,5317541,,,,1592.21,,True
2026-01-24,tender,open_market,-1,5317563,,,,2646.25,,True
2026-01-24,tender,open_market,-1,5317564,,,,1685.46,,True
2026-01-24,tender,open_market,-1,5317572,,,,497.59,,True
2026-01-24,tender,open_market,-1,5317581,,,,1160.72,,True
2026-01-24,tender,open_market,-1,5317597,,,,1506.71,,True
2026-01-24,tender,open_market,-1,5317626,,,,723.24,,True
2026-01-24,tender,open_market,-1,5317637,,,,723.24,,True
2026-01-24,tender,open_market,-1,5317639,,,,1513.51,,True
2026-01-24,tender,open_market,-1,5317645,,,,2646.25,,True
2026-01-24,tender,open_market,-1,5317650,,,,2013.74,,True
2026-01-24,tender,open_market,-1,5317662,,,,497.59,,True
2026-01-24,tender,open_market,-1,5317663,,,,1496.41,,True
2026-01-24,tender,open_market,-1,5317679,,,,1078.06,,True
2026-01-24,tender,open_market,-1,5317699,,,,1376.15,,True
2026-01-24,tender,open_market,-1,5317701,,,,854.29,,True
2026-01-24,tender,open_market,-1,5317704,,,,1414.51,,True
2026-01-24,tender,open_market,-1,5317708,,,,1861.65,,True
2026-01-24,tender,open_market,-1,5317720,,,,1078.06,,True
2026-01-24,tender,open_market,-1,5317723,,,,1078.06,,True
2026-01-24,tender,open_market,-1,5317740,,,,854.29,,True
2026-01-24,tender,open_market,-1,5317742,,,,650.67,,True
2026-01-24,tender,open_market,-1,5317747,,,,1321.87,,True
2026-01-24,tender,open_market,-1,5317753,,,,1321.87,,True
2026-01-24,tender,open_market,-1,5317776,,,,497.59,,True
2026-01-24,tender,open_market,-1,5317779,,,,1321.87,,True
2026-01-24,tender,open_market,-1,5317781,,,,1433.38,,True
2026-01-24,tender,open_market,-1,5317789,,,,1028.89,,True
2026-01-24,tender,open_market,-1,5317797,,,,1959.32,,True
2026-01-24,tender,open_market,-1,5317802,,,,1530.52,,True
2026-01-24,tender,open_market,-1,5317325,,,,2607.93,,True
2026-01-24,tender,open_market,-1,5317342,,,,2347.45,,True
2026-01-24,tender,open_market,-1,5317372,,,,2272.03,,True
2026-01-24,tender,open_market,-1,5317384,,,,2985.72,,True
2026-01-24,tender,open_market,-1,5317410,,,,3687.04,,True
2026-01-24,tender,open_market,-1,5317426,,,,3687.04,,True
2026-01-24,tender,open_market,-1,5317429,,,,1955.98,,True
2026-01-24,tender,open_market,-1,5317432,,,,3315.08,,True
2026-01-24,tender,open_market,-1,5317434,,,,2883.44,,True
2026-01-24,tender,open_market,-1,5317448,,,,2220.62,,True
2026-01-24,tender,open_market,-1,5317459,,,,2181.99,,True
2026-01-24,tender,open_market,-1,5317509,,,,2498.01,,True
2026-01-24,tender,open_market,-1,5317510,,,,2827.26,,True
2026-01-24,tender,open_market,-1,5317537,,,,2607.93,,True
2026-01-24,tender,open_market,-1,5317612,,,,3311.35,,True
2026-01-24,tender,open_market,-1,5317630,,,,2777.01,,True
2026-01-24,tender,open_market,-1,5317672,,,,2926.93,,True
2026-01-24,tender,open_market,-1,5317693,,,,2082.69,,True
2026-01-24,tender,open_market,-1,5317726,,,,2607.93,,True
2026-01-24,tender,open_market,-1,5317762,,,,1966.29,,True
2026-01-24,tender,open_market,-1,5317768,,,,1945.04,,True
2026-01-24,tender,open_market,-1,5317877,,,,3284.3,,True
2026-01-24,tender,open_market,-1,5317308,,,,3008.0,,True
2026-01-24,tender,open_market,-1,5317316,,,,3190.34,,True
2026-01-24,tender,open_market,-1,5317318,,,,692.15,,True
2026-01-24,tender,open_market,-1,5317323,,,,1269.61,,True
2026-01-24,tender,open_market,-1,5317328,,,,1012.82,,True
2026-01-24,tender,open_market,-1,5317333,,,,725.76,,True
2026-01-24,tender,open_market,-1,5317334,,,,1047.35,,True
2026-01-24,tender,open_market,-1,5317340,,,,1365.28,,True
2026-01-24,tender,open_market,-1,5317348,,,,761.69,,True
2026-01-24,tender,open_market,-1,5317354,,,,3327.66,,True
2026-01-24,tender,open_market,-1,5317355,,,,1214.14,,True
2026-01-24,tender,open_market,-1,5317357,,,,1132.4,,True
2026-01-24,tender,open_market,-1,5317373,,,,692.15,,True
2026-01-24,tender,open_market,-1,5317378,,,,917.53,,True
2026-01-24,tender,open_market,-1,5317380,,,,2315.83,,True
2026-01-24,tender,open_market,-1,5317387,,,,1197.27,,True
2026-01-24,tender,open_market,-1,5317389,,,,787.91,,True
2026-01-24,tender,open_market,-1,5317391,,,,2576.88,,True
2026-01-24,tender,open_market,-1,5317394,,,,517.18,,True
2026-01-24,tender,open_market,-1,5317395,,,,515.2,,True
2026-01-24,tender,open_market,-1,5317412,,,,515.2,,True
2026-01-24,tender,open_market,-1,5317414,,,,400.0,,True
2026-01-24,tender,open_market,-1,5317418,,,,515.2,,True
2026-01-24,tender,open_market,-1,5317424,,,,1183.1,,True
2026-01-24,tender,open_market,-1,5317447,,,,502.13,,True
2026-01-24,tender,open_market,-1,5317458,,,,761.69,,True
2026-01-24,tender,open_market,-1,5317472,,,,692.15,,True
2026-01-24,tender,open_market,-1,5317474,,,,1183.1,,True
2026-01-24,tender,open_market,-1,5317480,,,,1216.9,,True
2026-01-24,tender,open_market,-1,5317483,,,,502.13,,True
2026-01-24,tender,open_market,-1,5317497,,,,3704.36,,True
2026-01-24,tender,open_market,-1,5317501,,,,1183.1,,True
2026-01-24,tender,open_market,-1,5317507,,,,1012.33,,True
2026-01-24,tender,open_market,-1,5317508,,,,692.15,,True
2026-01-24,tender,open_market,-1,5317525,,,,1207.2,,True
2026-01-24,tender,open_market,-1,5317542,,,,502.13,,True
2026-01-24,tender,open_market,-1,5317568,,,,515.2,,True
2026-01-24,tender,open_market,-1,5317579,,,,2875.9,,True
2026-01-24,tender,open_market,-1,5317584,,,,3704.36,,True
2026-01-24,tender,open_market,-1,5317611,,,,1207.2,,True
2026-01-24,tender,open_market,-1,5317618,,,,1365.28,,True
2026-01-24,tender,open_market,-1,5317635,,,,858.62,,True
2026-01-24,tender,open_market,-1,5317640,,,,692.15,,True
2026-01-24,tender,open_market,-1,5317648,,,,515.2,,True
2026-01-24,tender,open_market,-1,5317660,,,,692.15,,True
2026-01-24,tender,open_market,-1,5317661,,,,1400.46,,True
2026-01-24,tender,open_market,-1,5317670,,,,1257.88,,True
2026-01-24,tender,open_market,-1,5317673,,,,1214.14,,True
2026-01-24,tender,open_market,-1,5317700,,,,761.69,,True
2026-01-24,tender,open_market,-1,5317710,,,,3077.63,,True
2026-01-24,tender,open_market,-1,5317718,,,,430.45,,True
2026-01-24,tender,open_market,-1,5317744,,,,1097.9,,True
2026-01-24,tender,open_market,-1,5317751,,,,400.0,,True
2026-01-24,tender,open_market,-1,5317761,,,,400.0,,True
2026-01-24,tender,open_market,-1,5317778,,,,787.91,,True
2026-01-24,tender,open_market,-1,5317784,,,,1183.1,,True
2026-01-24,tender,open_market,-1,5317791,,,,1168.39,,True
2026-01-24,tender,open_market,-1,5317793,,,,1183.1,,True
2026-01-24,tender,open_market,-1,5317800,,,,692.15,,True
2026-01-24,tender,open_market,-1,5317801,,,,1012.82,,True
2026-01-24,tender,open_market,-1,5317814,,,,950.02,,True
2026-01-24,tender,open_market,-1,5317852,,,,878.5,,True
2026-01-24,tender,open_market,-1,5317874,,,,1551.6,,True
2026-01-24,tender,open_market,-1,5317878,,,,400.0,,True
2026-01-24,tender,open_market,-1,5317882,,,,515.2,,True
2026-01-24,tender,open_market,-1,5317313,,,,1494.44,,True
2026-01-24,tender,open_market,-1,5317338,,,,1862.21,,True
2026-01-24,tender,open_market,-1,5317371,,,,1689.05,,True
2026-01-24,tender,open_market,-1,5317382,,,,1191.06,,True
2026-01-24,tender,open_market,-1,5317383,,,,4289.82,,True
2026-01-24,tender,open_market,-1,5317476,,,,1652.02,,True
2026-01-24,tender,open_market,-1,5317498,,,,4132.12,,True
2026-01-24,tender,open_market,-1,5317512,,,,1504.57,,True
2026-01-24,tender,open_market,-1,5317517,,,,1066.56,,True
2026-01-24,tender,open_market,-1,5317529,,,,1644.26,,True
2026-01-24,tender,open_market,-1,5317531,,,,866.99,,True
2026-01-24,tender,open_market,-1,5317534,,,,1476.48,,True
2026-01-24,tender,open_market,-1,5317570,,,,1117.38,,True
2026-01-24,tender,open_market,-1,5317574,,,,1635.4,,True
2026-01-24,tender,open_market,-1,5317619,,,,1458.59,,True
2026-01-24,tender,open_market,-1,5317651,,,,418.89,,True
2026-01-24,tender,open_market,-1,5317653,,,,4257.9,,True
2026-01-24,tender,open_market,-1,5317765,,,,1808.56,,True
2026-01-24,tender,open_market,-1,5317770,,,,1902.89,,True
2026-01-24,tender,open_market,-1,5317780,,,,862.87,,True
2026-01-24,tender,open_market,-1,5317798,,,,1635.4,,True
2026-01-24,tender,open_market,-1,5317811,,,,407.62,,True
2026-01-24,tender,open_market,-1,5317813,,,,1118.14,,True
2026-01-24,tender,open_market,-1,5317870,,,,1439.28,,True
2026-01-24,tender,open_market,-1,5317872,,,,1514.78,,True
2026-01-24,tender,open_market,-1,5317880,,,,2687.27,,True
2026-01-24,tender,open_market,-1,5317350,,,,801.11,,True
2026-01-24,tender,open_market,-1,5317358,,,,1102.85,,True
2026-01-24,tender,open_market,-1,5317363,,,,778.54,,True
2026-01-24,tender,open_market,-1,5317385,,,,1953.85,,True
2026-01-24,tender,open_market,-1,5317431,,,,533.47,,True
2026-01-24,tender,open_market,-1,5317457,,,,533.47,,True
2026-01-24,tender,open_market,-1,5317516,,,,883.58,,True
2026-01-24,tender,open_market,-1,5317521,,,,1529.38,,True
2026-01-24,tender,open_market,-1,5317539,,,,1031.81,,True
2026-01-24,tender,open_market,-1,5317559,,,,1420.03,,True
2026-01-24,tender,open_market,-1,5317565,,,,1084.54,,True
2026-01-24,tender,open_market,-1,5317598,,,,927.3,,True
2026-01-24,tender,open_market,-1,5317606,,,,1108.95,,True
2026-01-24,tender,open_market,-1,5317636,,,,693.0,,True
2026-01-24,tender,open_market,-1,5317649,,,,1953.85,,True
2026-01-24,tender,open_market,-1,5317652,,,,1137.68,,True
2026-01-24,tender,open_market,-1,5317656,,,,533.47,,True
2026-01-24,tender,open_market,-1,5317683,,,,654.98,,True
2026-01-24,tender,open_market,-1,5317689,,,,1108.95,,True
2026-01-24,tender,open_market,-1,5317739,,,,850.61,,True
2026-01-24,tender,open_market,-1,5317746,,,,818.14,,True
2026-01-24,tender,open_market,-1,5317783,,,,533.47,,True
2026-01-24,tender,open_market,-1,5317850,,,,400.0,,True
2026-01-24,tender,open_market,-1,5317876,,,,1184.4,,True
2026-01-24,tender,open_market,-1,5317343,,,,768.04,,True
2026-01-24,tender,open_market,-1,5317440,,,,2165.9,,True
2026-01-24,tender,open_market,-1,5317536,,,,1044.97,,True
2026-01-24,tender,open_market,-1,5317702,,,,1615.64,,True
2026-01-24,tender,open_market,-1,5317425,,,,1677.17,,True
2026-01-24,tender,open_market,-1,5317467,,,,1170.3,,True
2026-01-24,tender,open_market,-1,5317490,,,,2055.99,,True
2026-01-24,tender,open_market,-1,5317496,,,,2222.64,,True
2026-01-24,tender,open_market,-1,5317514,,,,1700.48,,True
2026-01-24,tender,open_market,-1,5317520,,,,880.63,,True
2026-01-24,tender,open_market,-1,5317591,,,,400.0,,True
2026-01-24,tender,open_market,-1,5317643,,,,2207.9,,True
2026-01-24,tender,open_market,-1,5317667,,,,1714.82,,True
2026-01-24,tender,open_market,-1,5317707,,,,1786.81,,True
2026-01-24,tender,open_market,-1,5317721,,,,403.44,,True
2026-01-24,tender,open_market,-1,5317756,,,,400.0,,True
2026-01-24,tender,open_market,-1,5317777,,,,1786.81,,True
2026-01-24,tender,open_market,-1,5317320,,,,1075.76,,True
2026-01-24,tender,open_market,-1,5317545,,,,2327.51,,True
2026-01-24,tender,open_market,-1,5317562,,,,1075.76,,True
2026-01-24,tender,open_market,-1,5317671,,,,2405.32,,True
2026-01-24,tender,open_market,-1,5317674,,,,1982.17,,True
2026-01-24,tender,open_market,-1,5317703,,,,2327.51,,True
2026-01-24,tender,open_market,-1,5317716,,,,2743.69,,True
2026-01-24,tender,open_market,-1,5317755,,,,554.93,,True
2026-01-24,tender,open_market,-1,5317771,,,,1416.78,,True
2026-01-24,tender,open_market,-1,5317792,,,,2287.43,,True
2026-01-24,tender,open_market,-1,5317803,,,,2743.69,,True
2026-01-24,tender,open_market,-1,5317810,,,,2407.52,,True
2026-01-24,tender,open_market,-1,5317464,,,,1616.71,,True
2026-01-24,tender,open_market,-1,5317479,,,,681.01,,True
2026-01-24,tender,open_market,-1,5317518,,,,641.18,,True
2026-01-24,tender,open_market,-1,5317533,,,,1616.71,,True
2026-01-24,tender,open_market,-1,5317555,,,,1629.56,,True
2026-01-24,tender,open_market,-1,5317561,,,,1024.24,,True
2026-01-24,tender,open_market,-1,5317593,,,,1208.84,,True
2026-01-24,tender,open_market,-1,5317687,,,,1054.04,,True
2026-01-24,tender,open_market,-1,5317690,,,,1208.84,,True
2026-01-24,tender,open_market,-1,5317712,,,,1564.16,,True
2026-01-24,tender,open_market,-1,5317738,,,,1006.38,,True
2026-01-24,tender,open_market,-1,5317741,,,,641.18,,True
2026-01-24,tender,open_market,-1,5317805,,,,641.18,,True
2026-01-24,tender,open_market,-1,5317871,,,,1302.34,,True
2026-01-24,tender,open_market,-1,5317381,,,,1122.34,,True
2026-01-24,tender,open_market,-1,5317515,,,,1289.96,,True
2026-01-24,tender,open_market,-1,5317658,,,,2441.65,,True
2026-01-24,tender,open_market,-1,5317769,,,,1130.84,,True
2026-01-24,tender,open_market,-1,5317305,,,,1978.76,,True
2026-01-24,tender,open_market,-1,5317309,,,,2561.06,,True
2026-01-24,tender,open_market,-1,5317346,,,,2769.25,,True
2026-01-24,tender,open_market,-1,5317421,,,,1978.76,,True
2026-01-24,tender,open_market,-1,5317452,,,,1816.58,,True
2026-01-24,tender,open_market,-1,5317493,,,,2263.36,,True
2026-01-24,tender,open_market,-1,5317494,,,,1339.58,,True
2026-01-24,tender,open_market,-1,5317547,,,,2686.04,,True
2026-01-24,tender,open_market,-1,5317553,,,,2007.38,,True
2026-01-24,tender,open_market,-1,5317576,,,,2263.36,,True
2026-01-24,tender,open_market,-1,5317578,,,,3138.13,,True
2026-01-24,tender,open_market,-1,5317610,,,,2691.61,,True
2026-01-24,tender,open_market,-1,5317659,,,,2045.54,,True
2026-01-24,tender,open_market,-1,5317666,,,,1819.76,,True
2026-01-24,tender,open_market,-1,5317675,,,,1339.58,,True
2026-01-24,tender,open_market,-1,5317764,,,,1978.76,,True
2026-01-24,tender,open_market,-1,5317799,,,,2566.4,,True
2026-01-24,tender,open_market,-1,5317862,,,,1978.76,,True
2026-01-24,tender,open_market,-1,5317866,,,,2234.22,,True
2026-01-24,tender,open_market,-1,5317867,,,,2561.06,,True
2026-01-24,tender,open_market,-1,5317303,,,,722.3,,True
2026-01-24,tender,open_market,-1,5317306,,,,1127.98,,True
2026-01-24,tender,open_market,-1,5317314,,,,1092.92,,True
2026-01-24,tender,open_market,-1,5317337,,,,3777.33,,True
2026-01-24,tender,open_market,-1,5317360,,,,1783.15,,True
2026-01-24,tender,open_market,-1,5317364,,,,1456.96,,True
2026-01-24,tender,open_market,-1,5317365,,,,1092.92,,True
2026-01-24,tender,open_market,-1,5317370,,,,741.31,,True
2026-01-24,tender,open_market,-1,5317388,,,,400.0,,True
2026-01-24,tender,open_market,-1,5317400,,,,741.31,,True
2026-01-24,tender,open_market,-1,5317417,,,,1683.73,,True
2026-01-24,tender,open_market,-1,5317437,,,,741.31,,True
2026-01-24,tender,open_market,-1,5317439,,,,626.1,,True
2026-01-24,tender,open_market,-1,5317441,,,,1672.63,,True
2026-01-24,tender,open_market,-1,5317442,,,,741.31,,True
2026-01-24,tender,open_market,-1,5317443,,,,741.31,,True
2026-01-24,tender,open_market,-1,5317456,,,,841.1,,True
2026-01-24,tender,open_market,-1,5317463,,,,760.32,,True
2026-01-24,tender,open_market,-1,5317465,,,,2094.03,,True
2026-01-24,tender,open_market,-1,5317475,,,,921.68,,True
2026-01-24,tender,open_market,-1,5317478,,,,544.51,,True
2026-01-24,tender,open_market,-1,5317484,,,,768.64,,True
2026-01-24,tender,open_market,-1,5317486,,,,841.1,,True
2026-01-24,tender,open_market,-1,5317488,,,,966.24,,True
2026-01-24,tender,open_market,-1,5317504,,,,626.1,,True
2026-01-24,tender,open_market,-1,5317511,,,,1290.67,,True
2026-01-24,tender,open_market,-1,5317524,,,,586.08,,True
2026-01-24,tender,open_market,-1,5317530,,,,1099.31,,True
2026-01-24,tender,open_market,-1,5317532,,,,1335.84,,True
2026-01-24,tender,open_market,-1,5317540,,,,1050.02,,True
2026-01-24,tender,open_market,-1,5317544,,,,760.32,,True
2026-01-24,tender,open_market,-1,5317552,,,,1295.99,,True
2026-01-24,tender,open_market,-1,5317554,,,,768.64,,True
2026-01-24,tender,open_market,-1,5317560,,,,1127.98,,True
2026-01-24,tender,open_market,-1,5317577,,,,1672.63,,True
2026-01-24,tender,open_market,-1,5317587,,,,655.38,,True
2026-01-24,tender,open_market,-1,5317592,,,,841.1,,True
2026-01-24,tender,open_market,-1,5317596,,,,1180.03,,True
2026-01-24,tender,open_market,-1,5317600,,,,741.31,,True
2026-01-24,tender,open_market,-1,5317603,,,,1180.03,,True
2026-01-24,tender,open_market,-1,5317617,,,,1175.87,,True
2026-01-24,tender,open_market,-1,5317678,,,,1679.18,,True
2026-01-24,tender,open_market,-1,5317685,,,,1180.03,,True
2026-01-24,tender,open_market,-1,5317694,,,,841.1,,True
2026-01-24,tender,open_market,-1,5317705,,,,498.96,,True
2026-01-24,tender,open_market,-1,5317717,,,,400.0,,True
2026-01-24,tender,open_market,-1,5317731,,,,706.46,,True
2026-01-24,tender,open_market,-1,5317733,,,,915.81,,True
2026-01-24,tender,open_market,-1,5317748,,,,1741.51,,True
2026-01-24,tender,open_market,-1,5317750,,,,626.1,,True
2026-01-24,tender,open_market,-1,5317754,,,,1290.67,,True
2026-01-24,tender,open_market,-1,5317759,,,,845.86,,True
2026-01-24,tender,open_market,-1,5317760,,,,626.1,,True
2026-01-24,tender,open_market,-1,5317772,,,,1180.03,,True
2026-01-24,tender,open_market,-1,5317775,,,,841.1,,True
2026-01-24,tender,open_market,-1,5317782,,,,1672.63,,True
2026-01-24,tender,open_market,-1,5317795,,,,1679.18,,True
2026-01-24,tender,open_market,-1,5317796,,,,1672.63,,True
2026-01-24,tender,open_market,-1,5317804,,,,1672.63,,True
2026-01-24,tender,open_market,-1,5317812,,,,706.46,,True
2026-01-24,tender,open_market,-1,5317815,,,,586.08,,True
2026-01-24,tender,open_market,-1,5317856,,,,1290.67,,True
2026-01-24,tender,open_market,-1,5317859,,,,586.08,,True
2026-01-24,tender,open_market,-1,5317879,,,,982.92,,True
2026-01-24,tender,open_market,-1,5317315,,,,408.19,,True
2026-01-24,tender,open_market,-1,5317356,,,,747.26,,True
2026-01-24,tender,open_market,-1,5317375,,,,1059.38,,True
2026-01-24,tender,open_market,-1,5317397,,,,818.53,,True
2026-01-24,tender,open_market,-1,5317485,,,,1548.14,,True
2026-01-24,tender,open_market,-1,5317522,,,,1824.26,,True
2026-01-24,tender,open_market,-1,5317538,,,,2372.55,,True
2026-01-24,tender,open_market,-1,5317583,,,,1699.07,,True
2026-01-24,tender,open_market,-1,5317605,,,,868.64,,True
2026-01-24,tender,open_market,-1,5317625,,,,482.72,,True
2026-01-24,tender,open_market,-1,5317641,,,,1303.53,,True
2026-01-24,tender,open_market,-1,5317655,,,,1407.41,,True
2026-01-24,tender,open_market,-1,5317664,,,,900.47,,True
2026-01-24,tender,open_market,-1,5317681,,,,744.08,,True
2026-01-24,tender,open_market,-1,5317682,,,,468.07,,True
2026-01-24,tender,open_market,-1,5317688,,,,836.5,,True
2026-01-24,tender,open_market,-1,5317728,,,,1548.14,,True
2026-01-24,tender,open_market,-1,5317864,,,,999.1,,True
2026-01-24,tender,open_market,-1,5317869,,,,885.79,,True
2026-01-24,tender,open_market,-1,5317392,,,,2152.67,,True
2026-01-24,tender,open_market,-1,5317608,,,,2542.21,,True
2026-01-24,tender,open_market,-1,5317628,,,,1148.18,,True
2026-01-24,tender,open_market,-1,5317680,,,,1148.18,,True
2026-01-24,tender,open_market,-1,5317684,,,,1021.36,,True
2026-01-24,tender,open_market,-1,5317719,,,,2220.72,,True
2026-01-24,tender,open_market,-1,5317749,,,,2189.89,,True
2026-01-24,tender,open_market,-1,5317786,,,,1467.78,,True
2026-01-24,tender,open_market,-1,5317883,,,,2052.51,,True
